City_ID,City,Country,Date,Lat,Lng,Max Temp,Humidity,Cloudiness,Wind Speed
0,Awjilah,LY,2021-11-11 19:11:19,29.1081,21.2869,70.5,44,0,9.15
1,Adre,TD,2021-11-11 19:11:20,13.4667,22.2,80.11,22,11,2.86
2,Khatanga,RU,2021-11-11 19:11:20,71.9667,102.5,-26.57,100,32,5.06
3,Tokoname,JP,2021-11-11 19:11:20,34.8833,136.85,55.27,71,75,9.22
4,Port Hardy,CA,2021-11-11 19:11:21,50.6996,-127.4199,47.64,85,100,24.34
5,Karratha,AU,2021-11-11 19:11:21,-20.7377,116.8463,74.28,53,78,5.91
6,Ushuaia,AR,2021-11-11 19:08:46,-54.8,-68.3,58.62,45,100,11.7
7,Mataura,NZ,2021-11-11 19:11:22,-46.1927,168.8643,59.9,81,100,4.12
8,Hofn,IS,2021-11-11 19:11:22,64.2539,-15.2082,32.22,85,100,12.17
9,Adrar,MR,2021-11-11 19:11:23,20.5022,-10.0711,77.16,14,100,8.39
10,Chara,RU,2021-11-11 19:11:23,56.9064,118.2631,12.02,91,55,3.24
11,Godda,IN,2021-11-11 19:11:23,24.8333,87.2167,68.67,63,100,1.07
12,Great Falls,US,2021-11-11 19:06:33,47.5002,-111.3008,40.66,39,90,1.99
13,Ixtapa,MX,2021-11-11 19:11:24,20.7,-105.2,83.43,58,1,6.91
14,Vaini,TO,2021-11-11 19:11:24,-21.2,-175.2,77.16,88,75,3.44
15,Lebu,CL,2021-11-11 19:11:25,-37.6167,-73.65,59.04,77,100,7.38
16,Daru,PG,2021-11-11 19:11:25,-9.0763,143.2092,79.84,84,37,3.24
17,Luderitz,NA,2021-11-11 19:11:26,-26.6481,15.1594,69.64,51,0,19.95
18,Hermanus,ZA,2021-11-11 19:11:26,-34.4187,19.2345,67.89,80,87,10.25
19,Esperance,AU,2021-11-11 19:11:06,-33.8667,121.9,54.41,62,92,14.94
20,Kawalu,ID,2021-11-11 19:11:26,-7.3817,108.2082,72.05,95,100,1.16
21,Kidal,ML,2021-11-11 19:11:27,18.4411,1.4078,81.5,10,89,11.34
22,Narsaq,GL,2021-11-11 19:11:27,60.9167,-46.05,23.22,63,100,3.29
23,Marfino,RU,2021-11-11 19:11:27,55.7028,37.3822,35.94,89,90,8.95
24,Longyearbyen,SJ,2021-11-11 19:11:28,78.2186,15.6401,8.44,66,40,4.61
25,Hobart,AU,2021-11-11 19:11:28,-42.8794,147.3294,49.86,78,90,9.22
26,Nizhnyaya Tavda,RU,2021-11-11 19:11:29,57.6731,66.1725,17.94,80,8,8.5
27,Jamestown,US,2021-11-11 19:10:32,42.097,-79.2353,64.85,44,1,11.5
28,Lappeenranta,FI,2021-11-11 19:11:29,61.0587,28.1887,42.85,91,75,6.91
29,Paracuru,BR,2021-11-11 19:11:29,-3.41,-39.0306,86.02,66,5,15.03
30,Naze,JP,2021-11-11 19:11:30,28.3667,129.4833,61.36,60,5,14.07
31,La Huacana,MX,2021-11-11 19:11:30,18.9667,-101.8167,82.24,60,39,4.68
32,Bluff,NZ,2021-11-11 19:11:31,-46.6,168.3333,59.77,81,91,9.46
33,Mahebourg,MU,2021-11-11 19:11:31,-20.4081,57.7,75.49,83,75,3.44
34,Victoria,HK,2021-11-11 19:10:36,22.2855,114.1577,72.32,55,100,1.01
35,Avera,US,2021-11-11 19:11:32,33.194,-82.5271,74.93,58,48,13.11
36,Cape Town,ZA,2021-11-11 19:11:05,-33.9258,18.4232,66.09,77,5,3.0
37,Kapaa,US,2021-11-11 19:11:32,22.0752,-159.319,80.58,77,40,9.22
38,Mago,RU,2021-11-11 19:11:33,53.2514,140.1822,31.08,99,100,6.46
39,Leningradskiy,RU,2021-11-11 19:11:33,69.3833,178.4167,-6.77,97,40,4.9
40,Qaanaaq,GL,2021-11-11 19:11:33,77.484,-69.3632,-6.74,62,14,7.96
41,Gua Musang,MY,2021-11-11 19:11:34,4.8823,101.9644,72.81,99,100,0.81
42,Ternate,ID,2021-11-11 19:11:34,0.8,127.4,81.1,80,42,4.34
43,Dikson,RU,2021-11-11 19:11:35,73.5069,80.5464,3.97,90,100,21.65
44,Bubaque,GW,2021-11-11 19:11:35,11.2833,-15.8333,78.89,82,100,9.89
45,Orlik,RU,2021-11-11 19:11:35,52.5178,99.825,15.6,82,100,4.94
46,Rikitea,PF,2021-11-11 19:12:36,-23.1203,-134.9692,73.6,75,96,3.38
47,Molchanovo,RU,2021-11-11 19:12:36,57.5817,83.7692,18.46,92,98,7.02
48,Lorengau,PG,2021-11-11 19:12:37,-2.0226,147.2712,81.14,72,93,3.62
49,Bengkulu,ID,2021-11-11 19:12:37,-3.8004,102.2655,76.3,79,100,3.96
50,Ambulu,ID,2021-11-11 19:12:38,-8.345,113.6058,75.85,92,100,1.48
51,Meulaboh,ID,2021-11-11 19:12:38,4.1363,96.1285,76.26,87,100,4.25
52,Krasnogorskoye,RU,2021-11-11 19:12:38,52.2953,86.1979,26.8,88,100,3.44
53,Carnot,CF,2021-11-11 19:12:39,4.9409,15.8665,72.21,89,99,3.62
54,Hilo,US,2021-11-11 19:12:39,19.7297,-155.09,78.62,68,90,3.44
55,Barrow,US,2021-11-11 19:09:21,71.2906,-156.7887,17.62,79,90,13.8
56,Mana,GF,2021-11-11 19:12:40,5.6592,-53.7767,82.65,71,27,9.1
57,Wilmington,US,2021-11-11 19:08:01,34.2257,-77.9447,77.95,69,40,9.22
58,Albany,US,2021-11-11 19:11:28,42.6001,-73.9662,57.81,44,100,4.0
59,Buala,SB,2021-11-11 19:12:40,-8.145,159.5921,79.9,85,100,5.93
60,Norman Wells,CA,2021-11-11 19:09:24,65.282,-126.8329,8.64,85,75,4.61
61,Castro,BR,2021-11-11 19:12:41,-24.7911,-50.0119,59.86,92,96,10.04
62,Airai,TL,2021-11-11 19:12:41,-8.9266,125.4092,62.35,93,100,0.51
63,Butaritari,KI,2021-11-11 19:12:41,3.0707,172.7902,82.6,72,16,15.86
64,Ponta Delgada,PT,2021-11-11 19:12:42,37.7333,-25.6667,72.5,94,40,8.05
65,Haines Junction,CA,2021-11-11 19:12:42,60.7522,-137.5108,16.29,88,100,1.81
66,Doka,SD,2021-11-11 19:12:43,13.5167,35.7667,83.37,30,32,4.97
67,Aksu,CN,2021-11-11 19:12:43,41.1231,80.2644,32.05,36,0,3.0
68,Sao Gabriel Da Cachoeira,BR,2021-11-11 19:12:43,-0.1303,-67.0892,81.86,90,99,1.9
69,Kruisfontein,ZA,2021-11-11 19:12:43,-34.0033,24.7314,63.88,86,100,11.79
70,Yellowknife,CA,2021-11-11 19:12:44,62.456,-114.3525,32.41,90,100,11.99
71,Bethel,US,2021-11-11 19:12:44,41.3712,-73.414,58.51,59,90,6.91
72,Tura,IN,2021-11-11 19:12:44,25.5198,90.2201,62.13,85,100,3.06
73,Camacha,PT,2021-11-11 19:12:45,33.0833,-16.3333,65.16,77,75,11.5
74,Thompson,CA,2021-11-11 19:12:45,55.7435,-97.8558,18.86,34,100,10.58
75,Kampot,KH,2021-11-11 19:12:45,10.6167,104.1833,78.85,95,100,6.11
76,San Patricio,US,2021-11-11 19:12:46,28.017,-97.5169,86.09,58,69,12.71
77,Chuy,UY,2021-11-11 19:12:46,-33.6971,-53.4616,65.48,53,6,14.12
78,Grindavik,IS,2021-11-11 19:12:47,63.8424,-22.4338,39.67,75,75,20.71
79,Busselton,AU,2021-11-11 19:12:47,-33.65,115.3333,50.04,81,100,11.97
80,Northam,GB,2021-11-11 19:12:47,51.0333,-4.2167,54.39,87,90,14.85
81,Saint-Philippe,RE,2021-11-11 19:12:48,-21.3585,55.7679,74.79,78,42,6.26
82,Plettenberg Bay,ZA,2021-11-11 19:12:48,-34.0527,23.3716,63.72,90,99,11.16
83,Buchanan,LR,2021-11-11 19:12:49,5.8808,-10.0467,78.76,81,90,4.68
84,Manta,EC,2021-11-11 19:08:44,-0.95,-80.7333,74.98,78,90,8.05
85,Ballina,AU,2021-11-11 19:12:49,-28.8667,153.5667,77.18,84,100,7.23
86,Georgetown,MY,2021-11-11 19:12:50,5.4112,100.3354,80.53,88,40,3.44
87,Puerto Ayora,EC,2021-11-11 19:12:50,-0.7393,-90.3518,76.96,90,71,5.01
88,Inirida,CO,2021-11-11 19:12:50,3.8653,-67.9239,89.71,52,54,1.81
89,Cabedelo,BR,2021-11-11 19:12:51,-6.9811,-34.8339,84.87,71,34,13.82
90,Sumenep,ID,2021-11-11 19:13:51,-7.0167,113.8667,79.88,80,100,4.99
91,Nome,US,2021-11-11 19:13:52,64.5011,-165.4064,10.47,72,90,0.0
92,Pevek,RU,2021-11-11 19:13:52,69.7008,170.3133,-4.77,98,77,5.66
93,Tandil,AR,2021-11-11 19:13:52,-37.3217,-59.1332,80.31,40,38,3.0
94,Chokurdakh,RU,2021-11-11 19:13:53,70.6333,147.9167,-2.94,99,100,3.31
95,Rotenburg,DE,2021-11-11 19:13:53,53.1167,9.4,49.05,85,98,6.11
96,Ahipara,NZ,2021-11-11 19:13:54,-35.1667,173.1667,63.68,92,100,6.13
97,Upernavik,GL,2021-11-11 19:13:54,72.7868,-56.1549,18.61,63,100,14.65
98,Mar Del Plata,AR,2021-11-11 19:13:55,-38.0023,-57.5575,64.42,84,0,28.99
99,Mapastepec,MX,2021-11-11 19:13:55,15.4333,-92.9,85.73,56,1,5.66
100,Quatre Cocos,MU,2021-11-11 19:13:55,-20.2078,57.7625,75.31,75,24,5.86
101,Sitka,US,2021-11-11 19:13:56,57.0531,-135.33,44.49,53,90,13.8
102,Takoradi,GH,2021-11-11 19:13:56,4.8845,-1.7554,79.41,87,100,6.49
103,Avarua,CK,2021-11-11 19:13:57,-21.2078,-159.775,77.05,69,100,12.66
104,Port Alfred,ZA,2021-11-11 19:13:57,-33.5906,26.891,65.97,83,99,17.29
105,Carnarvon,AU,2021-11-11 19:11:06,-24.8667,113.6333,64.47,72,2,11.5
106,Porto Novo,BJ,2021-11-11 19:13:58,6.4965,2.6036,79.36,86,91,5.48
107,Launceston,AU,2021-11-11 19:13:58,-41.45,147.1667,50.81,93,75,8.05
108,Ikalamavony,MG,2021-11-11 19:13:59,-21.15,46.5833,81.21,49,100,4.65
109,Batagay-Alyta,RU,2021-11-11 19:13:59,67.8006,130.4114,-5.19,86,100,2.77
110,Berlevag,NO,2021-11-11 19:13:59,70.8578,29.0864,35.55,69,75,21.85
111,Ribeira Grande,PT,2021-11-11 19:14:00,38.5167,-28.7,70.2,88,40,11.5
112,Muisne,EC,2021-11-11 19:14:00,0.6,-80.0333,80.71,77,96,8.59
113,Kavieng,PG,2021-11-11 19:14:01,-2.5744,150.7967,81.0,80,100,6.91
114,Qasigiannguit,GL,2021-11-11 19:14:01,68.8193,-51.1922,10.65,96,100,2.55
115,Ayagoz,KZ,2021-11-11 19:14:01,47.9714,80.4392,15.03,78,12,2.77
116,Atar,MR,2021-11-11 19:14:02,20.5169,-13.0499,81.32,25,88,4.38
117,Bage,BR,2021-11-11 19:14:02,-31.3314,-54.1069,74.98,41,40,17.27
118,Kantabanji,IN,2021-11-11 19:14:03,20.4833,82.9167,70.56,77,98,4.14
119,Bathsheba,BB,2021-11-11 19:14:03,13.2167,-59.5167,84.81,70,40,13.8
120,Zaria,NG,2021-11-11 19:14:04,11.1113,7.7227,80.01,21,63,5.73
121,Plouzane,FR,2021-11-11 19:14:04,48.3833,-4.6167,48.38,93,90,5.75
122,Hare Bay,CA,2021-11-11 19:14:04,48.8499,-54.0148,36.75,93,100,10.6
123,Sardulgarh,IN,2021-11-11 19:14:05,29.7,75.25,66.27,27,0,3.56
124,Nabire,ID,2021-11-11 19:14:05,-3.3667,135.4833,74.7,90,98,2.75
125,Bucyrus,US,2021-11-11 19:14:06,40.8084,-82.9755,68.32,51,100,22.1
126,High Level,CA,2021-11-11 19:14:06,58.5169,-117.136,24.13,87,98,6.31
127,Bay Roberts,CA,2021-11-11 19:14:06,47.5999,-53.2648,39.15,88,100,5.99
128,Yulara,AU,2021-11-11 19:14:07,-25.2406,130.9889,49.84,81,0,6.91
129,Salalah,OM,2021-11-11 19:14:07,17.0151,54.0924,77.09,50,0,3.44
130,Menongue,AO,2021-11-11 19:14:07,-14.6585,17.691,72.57,48,66,1.66
131,Pangnirtung,CA,2021-11-11 19:14:08,66.1451,-65.7125,2.01,90,84,5.44
132,Laguna,US,2021-11-11 19:14:08,38.421,-121.4238,73.24,88,75,0.0
133,Nara,JP,2021-11-11 19:14:09,34.6851,135.8049,49.98,81,71,1.05
134,Mayo,US,2021-11-11 19:14:09,38.8876,-76.5119,70.39,76,100,5.99
135,Alugan,PH,2021-11-11 19:14:10,12.2188,125.4808,80.53,85,100,10.87
136,Faya,SA,2021-11-11 19:14:10,18.3851,42.4509,55.92,69,1,3.24
137,Poya,NC,2021-11-11 19:15:11,-21.35,165.15,75.87,85,77,4.29
138,Henties Bay,NA,2021-11-11 19:15:11,-22.116,14.2845,58.86,84,0,3.38
139,Kahului,US,2021-11-11 19:15:11,20.8947,-156.47,83.46,63,20,5.75
140,Kallidaikurichchi,IN,2021-11-11 19:15:12,8.6667,77.4833,79.9,86,100,6.8
141,Ukiah,US,2021-11-11 19:15:12,39.1502,-123.2078,72.05,74,1,3.44
142,Punta Arenas,CL,2021-11-11 19:11:30,-53.15,-70.9167,59.11,31,0,29.93
143,Odweyne,SO,2021-11-11 19:15:13,9.4092,45.064,70.7,52,100,4.81
144,Bisira,PA,2021-11-11 19:15:13,8.5196,-81.7115,67.51,77,97,3.2
145,Vanimo,PG,2021-11-11 19:15:14,-2.6741,141.3028,77.32,90,80,4.29
146,Nanortalik,GL,2021-11-11 19:15:14,60.1432,-45.2371,27.57,63,100,4.85
147,Quelimane,MZ,2021-11-11 19:15:15,-17.8786,36.8883,80.55,83,40,9.22
148,Cam Ranh,VN,2021-11-11 19:15:15,11.9214,109.1591,73.36,100,75,3.44
149,Namatanai,PG,2021-11-11 19:15:15,-3.6667,152.4333,79.18,84,62,4.85
150,San Jeronimo,PE,2021-11-11 19:15:16,-11.9472,-75.2829,63.91,48,91,4.9
151,Atuona,PF,2021-11-11 19:13:33,-9.8,-139.0333,77.61,75,5,10.2
152,Zimovniki,RU,2021-11-11 19:15:16,47.1483,42.4633,32.16,59,100,6.51
153,Khani,GE,2021-11-11 19:15:17,41.9563,42.9566,29.77,83,17,4.21
154,Mhlambanyatsi,SZ,2021-11-11 19:15:17,-26.45,31.0167,60.67,97,100,3.83
155,Podporozhye,RU,2021-11-11 19:15:17,60.9112,34.1706,36.32,94,100,6.33
156,Zhezkazgan,KZ,2021-11-11 19:15:18,47.8043,67.7144,40.5,54,100,12.59
157,Nantucket,US,2021-11-11 19:15:18,41.2835,-70.0995,55.96,57,1,6.91
158,New Norfolk,AU,2021-11-11 19:15:19,-42.7826,147.0587,49.5,71,100,1.01
159,Bredasdorp,ZA,2021-11-11 19:15:19,-34.5322,20.0403,64.27,82,85,8.05
160,Kushikino,JP,2021-11-11 19:15:19,31.7167,130.2667,55.98,71,98,19.3
161,East London,ZA,2021-11-11 19:15:20,-33.0153,27.9116,66.72,86,100,13.2
162,Ranong,TH,2021-11-11 19:15:19,9.9658,98.6348,74.79,96,100,2.37
163,Ust-Ishim,RU,2021-11-11 19:15:20,57.6935,71.1665,12.36,98,69,3.04
164,Mangai,CD,2021-11-11 19:15:21,-4.05,19.5333,73.94,81,78,1.32
165,Tuatapere,NZ,2021-11-11 19:15:21,-46.1333,167.6833,57.4,95,100,5.7
166,Pacific Grove,US,2021-11-11 19:15:22,36.6177,-121.9166,72.81,64,1,5.01
167,Port Elizabeth,ZA,2021-11-11 19:13:56,-33.918,25.5701,66.09,84,100,13.71
168,Sao Filipe,CV,2021-11-11 19:15:22,14.8961,-24.4956,77.09,74,19,12.26
169,Yangambi,CD,2021-11-11 19:15:23,0.8102,24.4336,73.33,94,100,0.89
170,Kaitangata,NZ,2021-11-11 19:15:23,-46.2817,169.8464,57.58,91,100,4.43
171,Gurun,MY,2021-11-11 19:15:23,5.8172,100.4738,79.79,94,100,2.28
172,Abbeville,FR,2021-11-11 19:10:48,50.1,1.8333,51.76,90,3,5.68
173,Ribeira Brava,PT,2021-11-11 19:15:24,32.65,-17.0667,70.72,76,64,5.75
174,Geraldton,AU,2021-11-11 19:15:25,-28.7667,114.6,50.41,93,9,1.14
175,San Rafael,AR,2021-11-11 19:15:25,-34.6177,-68.3301,79.0,38,92,15.12
176,Colac,AU,2021-11-11 19:15:25,-38.3333,143.5833,50.83,96,100,8.05
177,Talara,PE,2021-11-11 19:15:26,-4.5772,-81.2719,75.96,60,0,19.57
178,Hasaki,JP,2021-11-11 19:15:26,35.7333,140.8333,45.0,52,23,12.48
179,Cloquet,US,2021-11-11 19:15:27,46.7216,-92.4594,38.86,95,90,12.66
180,Olafsvik,IS,2021-11-11 19:15:27,64.8945,-23.7142,36.82,93,100,11.88
181,Sijunjung,ID,2021-11-11 19:15:28,-0.6876,100.9537,72.41,99,100,1.14
182,Cherskiy,RU,2021-11-11 19:15:28,68.75,161.3,6.03,85,100,4.27
183,Peniche,PT,2021-11-11 19:15:29,39.3558,-9.3811,60.28,91,0,9.86
184,Bokoro,TD,2021-11-11 19:16:29,12.3807,17.0568,89.56,14,5,8.1
185,Tiksi,RU,2021-11-11 19:16:29,71.6872,128.8694,-13.56,100,59,6.8
186,Flinders,AU,2021-11-11 19:16:30,-34.5833,150.8552,57.79,93,100,1.01
187,San Andres,CO,2021-11-11 19:16:30,12.5847,-81.7006,86.02,70,75,9.22
188,Golub-Dobrzyn,PL,2021-11-11 19:16:30,53.1109,19.0538,42.6,82,92,8.86
189,Podlesnoye,RU,2021-11-11 19:16:31,51.8161,47.009,33.22,49,100,16.04
190,Opuwo,NA,2021-11-11 19:16:31,-18.0607,13.84,79.97,37,79,7.47
191,Lazaro Cardenas,MX,2021-11-11 19:16:32,17.9583,-102.2,83.19,67,93,7.58
192,Dafeng,CN,2021-11-11 19:15:07,23.4517,108.5881,62.58,58,100,5.46
193,Mulege,MX,2021-11-11 19:16:32,26.8833,-111.9833,83.59,32,0,15.39
194,Fonte Boa,BR,2021-11-11 19:16:33,-2.4959,-66.2662,81.1,92,99,1.72
195,Saint-Francois,FR,2021-11-11 19:16:33,46.4154,3.9054,41.47,92,71,3.44
196,Oistins,BB,2021-11-11 19:12:06,13.0667,-59.5333,84.29,70,40,13.8
197,Zlobin,HR,2021-11-11 19:16:34,45.2924,14.6541,48.16,88,0,3.44
198,Sola,VU,2021-11-11 19:16:34,-13.8833,167.55,81.59,77,55,11.79
199,Kimbe,PG,2021-11-11 19:16:34,-5.5502,150.1429,75.9,93,100,2.59
200,Kavaratti,IN,2021-11-11 19:16:35,10.5669,72.642,82.11,67,100,8.84
201,Eureka,US,2021-11-11 19:11:49,40.8021,-124.1637,71.2,80,3,1.99
202,Coquimbo,CL,2021-11-11 19:12:51,-29.9533,-71.3436,60.53,77,75,9.22
203,Kerema,PG,2021-11-11 19:16:35,-7.9631,145.7785,79.11,84,87,3.04
204,Sembe,CG,2021-11-11 19:16:36,1.6481,14.5806,71.17,98,77,0.54
205,Dorado,PR,2021-11-11 19:16:36,18.4588,-66.2677,88.52,76,75,11.5
206,Icod De Los Vinos,ES,2021-11-11 19:16:36,28.3724,-16.7119,70.02,79,100,9.04
207,Tasiilaq,GL,2021-11-11 19:16:37,65.6145,-37.6368,30.36,95,100,13.91
208,Buraydah,SA,2021-11-11 19:16:37,26.326,43.975,70.25,23,81,8.99
209,Chipinge,ZW,2021-11-11 19:16:38,-20.1883,32.6236,66.22,85,100,4.74
210,Provideniya,RU,2021-11-11 19:16:38,64.3833,-173.3,11.62,91,51,7.0
211,Bambous Virieux,MU,2021-11-11 19:16:39,-20.3428,57.7575,75.45,83,75,3.44
212,Chino Valley,US,2021-11-11 19:16:39,34.7575,-112.4538,68.36,29,1,4.0
213,Arraial Do Cabo,BR,2021-11-11 19:16:39,-22.9661,-42.0278,69.76,83,90,3.44
214,Cidreira,BR,2021-11-11 19:16:40,-30.1811,-50.2056,67.12,62,91,14.38
215,Severo-Kurilsk,RU,2021-11-11 19:16:40,50.6789,156.125,43.0,97,100,8.68
216,Ponta Do Sol,PT,2021-11-11 19:16:41,32.6667,-17.1,70.72,74,71,4.97
217,Salinas,US,2021-11-11 19:14:58,36.6777,-121.6555,73.2,59,1,3.44
218,Tuktoyaktuk,CA,2021-11-11 19:16:41,69.4541,-133.0374,12.2,92,90,9.22
219,San Rafael Del Sur,NI,2021-11-11 19:16:42,11.8485,-86.4384,86.97,58,3,8.77
220,Hay River,CA,2021-11-11 19:14:32,60.8156,-115.7999,23.58,83,6,11.95
221,Saint-Augustin,CA,2021-11-11 19:16:42,51.226,-58.6502,35.31,70,100,15.14
222,Ilhabela,BR,2021-11-11 19:16:43,-23.7781,-45.3581,68.4,91,100,6.51
223,Hovd,MN,2021-11-11 19:16:43,48.0056,91.6419,22.46,40,7,0.36
224,Lagunas,PE,2021-11-11 19:16:43,-5.2269,-75.6753,76.91,89,100,3.22
225,Marzuq,YE,2021-11-11 19:16:44,14.4,46.4667,69.57,40,0,3.76
226,College,US,2021-11-11 19:16:44,64.8569,-147.8028,2.86,78,90,0.0
227,Udachnyy,RU,2021-11-11 19:16:44,66.4167,112.4,3.65,96,100,8.68
228,La Esperanza,GT,2021-11-11 19:16:45,14.8667,-91.5667,70.95,68,20,9.22
229,Nelson Bay,AU,2021-11-11 19:16:45,-32.7167,152.15,68.09,99,100,9.6
230,Santa Cruz,BO,2021-11-11 19:16:13,-17.8,-63.1667,87.85,45,75,19.57
231,Mitsamiouli,KM,2021-11-11 19:17:56,-11.3847,43.2844,80.29,78,11,4.63
232,Toora-Khem,RU,2021-11-11 19:17:57,52.4675,96.11,19.83,90,100,1.21
233,Coihaique,CL,2021-11-11 19:17:57,-45.5752,-72.0662,66.81,27,0,12.66
234,Taksimo,RU,2021-11-11 19:17:58,56.3444,114.8794,14.41,92,96,1.48
235,Naryan-Mar,RU,2021-11-11 19:17:58,67.6713,53.087,26.11,96,100,11.45
236,Huarmey,PE,2021-11-11 19:17:59,-10.0681,-78.1522,69.85,72,59,10.45
237,Kholmogory,RU,2021-11-11 19:17:59,64.2229,41.656,35.71,92,100,8.66
238,Lamar,US,2021-11-11 19:18:00,33.6668,-95.5836,63.99,50,75,11.5
239,Saint George,US,2021-11-11 19:18:00,37.1041,-113.5841,70.27,33,1,1.99
240,Sisimiut,GL,2021-11-11 19:18:01,66.9395,-53.6735,12.99,85,67,8.7
241,Ariquemes,BR,2021-11-11 19:18:01,-9.9133,-63.0408,79.86,89,100,1.16
242,Dibombari,CM,2021-11-11 19:18:01,4.1787,9.6561,75.22,93,69,2.1
243,Cururupu,BR,2021-11-11 19:14:14,-1.8283,-44.8683,86.52,54,2,7.31
244,Harnosand,SE,2021-11-11 19:18:02,62.6323,17.9379,39.0,72,7,16.71
245,Los Llanos De Aridane,ES,2021-11-11 19:18:03,28.6585,-17.9182,65.95,86,40,5.75
246,Lompoc,US,2021-11-11 19:13:51,34.6391,-120.4579,84.42,54,1,3.44
247,Cayenne,GF,2021-11-11 19:18:03,4.9333,-52.3333,84.24,82,75,4.0
248,Nikolskoye,RU,2021-11-11 19:18:03,59.7035,30.7861,42.87,89,100,8.88
249,Pasighat,IN,2021-11-11 19:18:04,28.0667,95.3333,62.44,58,6,3.4
250,Suruc,TR,2021-11-11 19:18:04,36.9761,38.425,52.0,36,0,10.85
251,Gallup,US,2021-11-11 19:18:05,35.5281,-108.7426,57.96,32,1,5.75
252,Fukue,JP,2021-11-11 19:18:05,32.6881,128.8419,60.24,50,100,27.42
253,Lata,PT,2021-11-11 19:18:06,40.1629,-8.3327,55.06,87,0,1.95
254,Faanui,PF,2021-11-11 19:18:06,-16.4833,-151.75,79.34,73,65,14.63
255,Praya,CV,2021-11-11 19:17:17,14.9215,-23.5087,77.54,73,40,14.97
256,Huancabamba,PE,2021-11-11 19:18:06,-5.2386,-79.4506,66.07,63,96,5.64
257,Prachuap Khiri Khan,TH,2021-11-11 19:18:07,12.2167,99.75,71.8,90,100,2.77
258,Huntsville,US,2021-11-11 19:15:15,34.7304,-86.5861,68.83,86,90,4.0
259,Katangli,RU,2021-11-11 19:18:08,51.7102,143.2326,34.5,88,100,19.37
260,Ormara,PK,2021-11-11 19:18:08,25.2088,64.6357,79.3,45,0,6.67
261,Orbetello,IT,2021-11-11 19:18:08,42.4408,11.2196,62.62,84,100,6.76
262,Kyshtovka,RU,2021-11-11 19:18:09,56.555,76.6271,19.96,96,88,3.09
263,Klaksvik,FO,2021-11-11 19:18:09,62.2266,-6.589,41.97,67,100,18.16
264,Huejuquilla El Alto,MX,2021-11-11 19:18:09,22.6,-103.8667,76.35,24,0,0.25
265,Lucera,IT,2021-11-11 19:18:10,41.5082,15.3351,57.81,93,100,4.9
266,Totma,RU,2021-11-11 19:18:10,59.9747,42.7642,36.3,88,100,11.03
267,Sorland,NO,2021-11-11 19:18:11,67.667,12.6934,44.46,70,100,17.94
268,The Pas,CA,2021-11-11 19:18:11,53.8251,-101.2541,24.82,86,90,9.22
269,Bonavista,CA,2021-11-11 19:18:11,48.6499,-53.1147,39.11,86,100,20.45
270,Bilma,NE,2021-11-11 19:18:12,18.6853,12.9164,82.31,12,0,8.03
271,Kangaatsiaq,GL,2021-11-11 19:18:12,68.3065,-53.4641,14.0,89,100,5.68
272,Clyde River,CA,2021-11-11 19:18:13,70.4692,-68.5914,1.38,93,85,6.8
273,Mogadishu,SO,2021-11-11 19:18:13,2.0371,45.3438,80.64,77,100,16.42
274,Bonthe,SL,2021-11-11 19:18:14,7.5264,-12.505,80.17,77,44,4.99
275,Realeza,BR,2021-11-11 19:18:14,-25.7689,-53.5325,75.72,75,94,4.16
276,Torbay,CA,2021-11-11 19:16:06,47.6666,-52.7314,38.39,93,90,14.97
277,Manado,ID,2021-11-11 19:19:15,1.487,124.8455,75.97,94,40,2.3
278,Qui Nhon,VN,2021-11-11 19:19:15,13.7667,109.2333,74.3,91,100,11.34
279,Gat,IL,2021-11-11 19:15:04,31.61,34.7642,66.81,64,54,7.27
280,Chimbote,PE,2021-11-11 19:19:16,-9.0853,-78.5783,68.97,70,20,11.01
281,Port Augusta,AU,2021-11-11 19:19:16,-32.5,137.7667,53.74,75,100,22.01
282,Tougan,BF,2021-11-11 19:19:17,13.0667,-3.0667,87.8,17,6,9.33
283,Kerouane,GN,2021-11-11 19:19:17,9.2667,-9.0167,73.81,88,100,0.65
284,Road Town,VG,2021-11-11 19:19:17,18.4167,-64.6167,84.29,74,40,13.8
285,Saldanha,ZA,2021-11-11 19:19:18,-33.0117,17.9442,62.49,89,4,18.92
286,Rawson,AR,2021-11-11 19:19:18,-43.3002,-65.1023,66.18,35,100,13.91
287,Bachaquero,VE,2021-11-11 19:19:18,9.9694,-71.1494,86.5,60,89,6.49
288,Saskylakh,RU,2021-11-11 19:19:19,71.9167,114.0833,-25.38,100,70,4.85
289,Warragul,AU,2021-11-11 19:19:19,-38.1667,145.9333,51.12,93,100,11.99
290,Muros,ES,2021-11-11 19:19:20,42.7762,-9.0603,57.83,85,14,9.13
291,Walvis Bay,NA,2021-11-11 19:19:20,-22.9575,14.5053,59.95,82,0,8.05
292,Ostrovnoy,RU,2021-11-11 19:19:21,68.0531,39.5131,31.89,93,100,15.79
293,Guanica,PR,2021-11-11 19:19:21,17.9716,-66.908,88.14,66,17,5.01
294,Ilulissat,GL,2021-11-11 19:19:21,69.2167,-51.1,10.42,67,40,6.91
295,Rockingham,US,2021-11-11 19:19:22,42.9668,-71.0995,57.36,48,37,1.99
296,La Ronge,CA,2021-11-11 19:19:22,55.1001,-105.2842,26.85,68,90,9.22
297,Antofagasta,CL,2021-11-11 19:19:23,-23.65,-70.4,69.22,57,7,9.33
298,Coahuayana,MX,2021-11-11 19:19:23,18.7333,-103.6833,87.28,54,35,6.93
299,Malinovoye Ozero,RU,2021-11-11 19:19:23,51.6753,79.7825,33.06,48,100,6.98
300,Duartina,BR,2021-11-11 19:19:24,-22.4144,-49.4039,76.35,85,100,8.81
301,Vila Velha,BR,2021-11-11 19:19:24,-20.3297,-40.2925,69.75,95,90,5.01
302,Grand Gaube,MU,2021-11-11 19:19:25,-20.0064,57.6608,75.6,76,56,7.49
303,Aykhal,RU,2021-11-11 19:19:25,66.0,111.5,-4.05,99,99,8.21
304,Mattru,SL,2021-11-11 19:19:25,7.6244,-11.8332,76.08,91,91,2.39
305,Talas,TR,2021-11-11 19:19:26,38.6908,35.5538,27.27,80,0,3.44
306,Skjervoy,NO,2021-11-11 19:19:26,70.0311,20.9714,37.58,84,100,11.9
307,Puerto Suarez,BO,2021-11-11 19:19:27,-18.95,-57.8,86.56,70,75,0.0
308,Havre-Saint-Pierre,CA,2021-11-11 19:19:27,50.2334,-63.5986,36.19,41,1,14.97
309,Cap-Aux-Meules,CA,2021-11-11 19:19:28,47.3821,-61.8597,41.05,65,75,31.07
310,Husavik,IS,2021-11-11 19:19:28,66.0449,-17.3389,13.91,82,11,13.69
311,Telimele,GN,2021-11-11 19:19:28,10.9167,-13.3333,71.82,95,100,2.15
312,Fortuna,US,2021-11-11 19:19:29,40.5982,-124.1573,71.92,77,1,1.99
313,Port Lincoln,AU,2021-11-11 19:16:07,-34.7333,135.8667,54.18,73,100,19.06
314,Broome,US,2021-11-11 19:19:29,42.2506,-75.833,57.7,47,1,1.99
315,Makakilo City,US,2021-11-11 19:19:30,21.3469,-158.0858,80.29,63,1,6.91
316,Agnibilekrou,CI,2021-11-11 19:19:30,7.1344,-3.2047,76.59,83,100,3.02
317,Hamilton,US,2021-11-11 19:16:14,39.1834,-84.5333,66.07,90,90,1.01
318,Mount Gambier,AU,2021-11-11 19:19:31,-37.8333,140.7667,47.82,94,100,12.01
319,Ciudad Bolivar,VE,2021-11-11 19:19:31,8.1222,-63.5497,93.13,38,93,8.7
320,Hithadhoo,MV,2021-11-11 19:19:31,-0.6,73.0833,82.71,75,51,18.81
321,Cabo San Lucas,MX,2021-11-11 19:15:34,22.8909,-109.9124,87.1,62,1,1.01
322,Strezhevoy,RU,2021-11-11 19:19:32,60.7333,77.5889,3.18,100,39,1.88
323,Kelo,TD,2021-11-11 19:19:32,9.3086,15.8066,84.58,20,100,3.09
324,Isla Pucu,PY,2021-11-11 19:20:33,-25.3,-56.9,87.12,43,70,5.46
325,Watertown,US,2021-11-11 19:20:00,42.3709,-71.1828,59.07,44,1,5.99
326,Mobaye,CF,2021-11-11 19:20:33,4.319,21.1786,73.38,92,100,0.29
327,Chapais,CA,2021-11-11 19:20:34,49.7834,-74.8492,33.58,58,73,6.78
328,Grootfontein,NA,2021-11-11 19:20:34,-19.5667,18.1167,71.17,46,61,4.61
329,Ancud,CL,2021-11-11 19:20:34,-41.8697,-73.8203,58.53,79,100,7.38
330,Prozor,BA,2021-11-11 19:20:35,43.8222,17.6092,45.7,86,9,0.89
331,Great Bend,US,2021-11-11 19:20:35,38.3645,-98.7648,55.89,28,1,8.01
332,Conakry,GN,2021-11-11 19:20:36,9.538,-13.6773,81.36,89,75,4.61
333,Bend,US,2021-11-11 19:19:32,44.0582,-121.3153,57.99,87,40,1.99
334,Kutum,SD,2021-11-11 19:20:36,14.2,24.6667,75.43,18,1,4.74
335,Acapulco,MX,2021-11-11 19:17:29,16.8634,-99.8901,84.02,70,75,4.61
336,Zenica,BA,2021-11-11 19:20:37,44.2014,17.9064,41.41,88,9,0.98
337,Micheweni,TZ,2021-11-11 19:20:37,-4.9667,39.8333,80.2,79,91,10.31
338,Hambantota,LK,2021-11-11 19:20:38,6.1241,81.1185,79.27,83,66,16.15
339,Berdigestyakh,RU,2021-11-11 19:20:38,62.0989,126.6992,5.04,95,100,4.43
340,Morondava,MG,2021-11-11 19:20:38,-20.2833,44.2833,79.03,78,0,16.37
341,Port Hedland,AU,2021-11-11 19:20:39,-20.3167,118.5667,68.05,77,0,5.75
342,Samarai,PG,2021-11-11 19:20:39,-10.6167,150.6667,82.56,80,31,10.33
343,Omsukchan,RU,2021-11-11 19:20:39,62.5333,155.8,21.54,92,100,6.11
344,Kazerun,IR,2021-11-11 19:20:40,29.6195,51.6541,64.74,35,0,7.02
345,Vuktyl,RU,2021-11-11 19:20:40,63.8567,57.3094,24.57,95,100,9.4
346,Saint-Joseph,RE,2021-11-11 19:20:41,-21.3667,55.6167,73.78,80,23,5.95
347,Yenagoa,NG,2021-11-11 19:20:41,4.9247,6.2642,75.58,93,16,4.76
348,Balad,IQ,2021-11-11 19:20:41,34.0164,44.1453,66.29,38,74,9.35
349,Kodiak,US,2021-11-11 19:17:32,57.79,-152.4072,29.71,80,90,8.05
350,Ngorongoro,TZ,2021-11-11 19:20:42,-3.2397,35.4875,61.32,42,100,8.72
351,Boa Vista,BR,2021-11-11 19:20:42,2.8197,-60.6733,91.38,43,75,10.36
352,Somanda,TZ,2021-11-11 19:20:43,-3.3667,33.95,81.79,24,100,10.94
353,Hanzhong,CN,2021-11-11 19:20:43,33.0728,107.0303,42.62,55,68,0.98
354,Iqaluit,CA,2021-11-11 19:20:43,63.7506,-68.5145,10.13,78,75,10.0
355,Baker City,US,2021-11-11 19:20:43,44.7749,-117.8344,39.6,95,90,6.91
356,Denpasar,ID,2021-11-11 19:17:13,-8.65,115.2167,76.66,91,100,3.11
357,Bakchar,RU,2021-11-11 19:20:44,57.0186,82.0711,20.66,95,91,4.45
358,Tocache,PE,2021-11-11 19:20:44,-8.1842,-76.5125,89.71,50,92,1.66
359,Jalu,LY,2021-11-11 19:20:45,29.0331,21.5482,70.12,44,0,9.15
360,San Jorge,AR,2021-11-11 19:20:45,-31.8962,-61.8598,87.06,28,0,11.77
361,Kloulklubed,PW,2021-11-11 19:20:45,7.0419,134.2556,83.71,74,100,9.06
362,Loukhi,RU,2021-11-11 19:20:46,66.0764,33.0381,32.92,90,100,8.86
363,Banda Aceh,ID,2021-11-11 19:20:46,5.5577,95.3222,77.92,83,100,2.62
364,Ulladulla,AU,2021-11-11 19:20:47,-35.35,150.4667,54.88,92,100,5.48
365,Coupar Angus,GB,2021-11-11 19:20:47,56.5455,-3.2677,51.48,94,75,3.0
366,Rio Gallegos,AR,2021-11-11 19:20:47,-51.6226,-69.2181,60.85,27,20,13.8
367,Oktyabrskoye,RU,2021-11-11 19:20:48,43.0645,44.7417,32.14,93,18,4.47
368,Syamzha,RU,2021-11-11 19:20:49,60.0158,41.0614,35.73,87,100,9.22
369,Natal,BR,2021-11-11 19:20:49,-5.795,-35.2094,86.65,70,75,18.41
370,Chaman,PK,2021-11-11 19:20:49,30.9236,66.4512,48.87,33,0,2.46
371,North Bend,US,2021-11-11 19:24:10,43.4065,-124.2243,67.91,95,90,6.91
372,Cockburn Town,TC,2021-11-11 19:24:11,21.4612,-71.1419,82.33,72,57,18.19
373,Lander,US,2021-11-11 19:24:11,42.833,-108.7307,45.16,30,90,3.44
374,Lakes Entrance,AU,2021-11-11 19:24:12,-37.8811,147.981,53.58,93,100,16.06
375,Carndonagh,IE,2021-11-11 19:24:12,55.25,-7.2667,55.02,89,96,20.31
376,Lumut,MY,2021-11-11 19:24:12,4.2323,100.6298,78.82,89,20,1.14
377,Rongcheng,CN,2021-11-11 19:24:13,30.634,117.8517,52.56,61,100,2.53
378,Congonhas,BR,2021-11-11 19:24:13,-20.4997,-43.8578,66.61,98,100,4.54
379,Rio Grande,BR,2021-11-11 19:23:02,-32.035,-52.0986,73.51,61,97,15.05
380,Balabac,PH,2021-11-11 19:24:06,7.9868,117.0645,80.96,80,100,3.31
381,Barcelos,PT,2021-11-11 19:24:14,41.5388,-8.6151,56.91,83,4,3.24
382,Portland,US,2021-11-11 19:21:15,45.5234,-122.6762,61.57,95,100,3.0
383,Ambilobe,MG,2021-11-11 19:24:14,-13.2,49.05,77.0,81,100,4.61
384,Fairbanks,US,2021-11-11 19:24:14,64.8378,-147.7164,-0.44,80,90,0.0
385,Kishanpur,IN,2021-11-11 19:24:15,25.65,81.0167,68.31,46,93,2.21
386,Parati,BR,2021-11-11 19:24:15,-23.2178,-44.7131,68.9,98,100,2.68
387,Dukat,RU,2021-11-11 19:24:15,62.55,155.55,20.66,95,100,4.81
388,Selty,RU,2021-11-11 19:24:16,57.3132,52.1345,28.94,94,100,11.61
389,Sechura,PE,2021-11-11 19:24:16,-5.5569,-80.8222,73.78,59,25,16.26
390,Lapeer,US,2021-11-11 19:24:17,43.0514,-83.3188,67.55,48,40,18.41
391,Dunedin,NZ,2021-11-11 19:21:28,-45.8742,170.5036,54.81,66,100,3.0
392,Yumen,CN,2021-11-11 19:24:17,40.2833,97.2,25.88,35,2,12.93
393,Souillac,MU,2021-11-11 19:24:18,-20.5167,57.5167,75.58,83,75,3.44
394,Abu Zabad,SD,2021-11-11 19:24:18,12.35,29.25,84.11,20,100,8.23
395,Hami,CN,2021-11-11 19:24:18,42.8,93.45,28.42,51,74,1.68
396,Seybaplaya,MX,2021-11-11 19:24:19,19.65,-90.6667,85.46,51,0,7.4
397,Zvishavane,ZW,2021-11-11 19:24:19,-20.3267,30.0665,68.86,72,100,6.11
398,Dhidhdhoo,MV,2021-11-11 19:24:20,6.8833,73.1,82.09,75,40,21.43
399,Itea,GR,2021-11-11 19:24:20,38.4333,22.4167,57.99,63,100,7.29
400,Lichuan,CN,2021-11-11 19:24:20,30.3,108.85,40.14,91,100,1.54
401,Manbij,SY,2021-11-11 19:24:21,36.5281,37.9549,50.77,37,0,10.92
402,Wajir,KE,2021-11-11 19:24:21,1.7471,40.0573,89.74,36,100,8.01
403,Vyartsilya,RU,2021-11-11 19:24:21,62.1764,30.693,36.37,85,100,6.8
404,Tessalit,ML,2021-11-11 19:24:22,20.1986,1.0114,75.2,10,100,10.63
405,Surt,LY,2021-11-11 19:24:22,31.2089,16.5887,71.51,68,0,10.94
406,Coos Bay,US,2021-11-11 19:24:22,43.3665,-124.2179,70.02,96,90,6.91
407,Seddon,AU,2021-11-11 19:24:23,-37.8068,144.8916,53.42,83,90,5.99
408,Rock Springs,US,2021-11-11 19:23:45,41.5875,-109.2029,45.23,61,90,11.99
409,Fallon,US,2021-11-11 19:24:23,39.4735,-118.7774,60.46,52,20,3.44
410,Zyryanovsk,KZ,2021-11-11 19:24:24,49.7386,84.2719,15.87,91,91,1.21
411,Polunochnoye,RU,2021-11-11 19:24:24,60.8697,60.4153,24.31,85,100,8.86
412,Gazanjyk,TM,2021-11-11 19:24:25,39.2446,55.5154,46.11,55,100,8.25
413,Lagoa,PT,2021-11-11 19:24:26,39.05,-27.9833,67.68,83,95,11.32
414,Redding,US,2021-11-11 19:21:51,40.5865,-122.3917,68.65,60,1,1.01
415,Pankovka,RU,2021-11-11 19:24:26,58.5,31.1999,39.34,96,100,10.25
416,Libertador General San Martin,AR,2021-11-11 19:24:27,-23.8064,-64.7876,86.97,43,71,6.62
417,Saquena,PE,2021-11-11 19:24:27,-4.6667,-73.5167,86.02,63,96,3.76
418,Nsanje,MW,2021-11-11 19:25:27,-16.92,35.262,81.81,62,96,9.75
419,La Solana,ES,2021-11-11 19:25:28,38.9442,-3.2381,52.45,53,0,4.52
420,Tyrma,RU,2021-11-11 19:25:28,50.0833,132.1667,17.04,98,98,2.19
421,Rocha,UY,2021-11-11 19:25:29,-34.4833,-54.3333,66.63,50,0,14.43
422,Amahai,ID,2021-11-11 19:25:29,-3.3333,128.9167,79.29,84,67,3.36
423,Waipawa,NZ,2021-11-11 19:25:29,-41.4122,175.5153,59.63,76,58,14.14
424,Nawashahr,IN,2021-11-11 19:25:30,31.1167,76.1333,63.41,42,0,4.29
425,Mandan,US,2021-11-11 19:25:30,46.8267,-100.8896,33.37,84,75,28.77
426,Palmer,US,2021-11-11 19:25:30,42.1584,-72.3287,59.49,28,75,3.0
427,Loreto,MX,2021-11-11 19:25:31,22.2667,-101.9667,73.58,18,0,9.17
428,Rodrigues Alves,BR,2021-11-11 19:25:31,-7.738,-72.6509,73.6,78,98,3.36
429,Makat,KZ,2021-11-11 19:25:32,47.6469,53.3463,29.43,52,0,7.72
430,Chulman,RU,2021-11-11 19:25:32,56.8479,124.9104,9.48,95,100,0.89
431,Rivera,UY,2021-11-11 19:22:07,-30.9053,-55.5508,74.77,49,1,15.08
432,Siteki,SZ,2021-11-11 19:25:33,-26.45,31.95,68.92,94,60,3.0
433,Lishu,CN,2021-11-11 19:25:33,43.3047,124.3278,12.09,94,65,5.86
434,Biak,ID,2021-11-11 19:25:33,-0.9131,122.8766,77.34,80,100,1.72
435,Gold Coast,AU,2021-11-11 19:25:34,-28.0,153.4333,75.27,92,100,8.01
436,Bilibino,RU,2021-11-11 19:25:34,68.0546,166.4372,6.87,84,100,2.1
437,Baijiantan,CN,2021-11-11 19:25:35,45.6333,85.1833,26.15,75,0,2.1
438,Marsh Harbour,BS,2021-11-11 19:25:35,26.5412,-77.0636,78.42,71,100,16.58
439,Seoul,KR,2021-11-11 19:23:26,37.5683,126.9778,40.39,70,20,3.44
440,Aklavik,CA,2021-11-11 19:25:35,68.2191,-135.0107,9.43,98,86,4.14
441,Mehamn,NO,2021-11-11 19:25:36,71.0357,27.8492,35.78,80,99,17.43
442,Paris,FR,2021-11-11 19:22:37,48.8534,2.3488,44.22,91,90,2.3
443,Aloleng,PH,2021-11-11 19:25:36,16.1307,119.7824,80.38,73,100,7.23
444,Luwuk,ID,2021-11-11 19:25:37,-0.9516,122.7875,78.44,83,100,2.08
445,Nishihara,JP,2021-11-11 19:25:37,26.1842,127.7558,65.48,59,40,12.66
446,Kalmunai,LK,2021-11-11 19:25:38,7.4167,81.8167,78.89,82,96,2.84
447,Gravelbourg,CA,2021-11-11 19:25:38,49.8834,-106.5512,25.07,68,100,17.16
448,Abadiania,BR,2021-11-11 19:25:38,-16.2042,-48.7069,72.52,85,100,5.39
449,Darhan,MN,2021-11-11 19:25:39,49.4867,105.9228,26.15,63,98,7.4
450,Xuddur,SO,2021-11-11 19:25:21,4.1213,43.8894,82.06,45,100,10.09
451,Mackay,AU,2021-11-11 19:25:39,-21.15,149.2,80.58,89,40,14.97
452,Dryden,CA,2021-11-11 19:25:40,49.7833,-92.7503,30.49,93,90,25.32
453,Tsabong,BW,2021-11-11 19:25:40,-26.0217,22.401,83.01,9,24,7.45
454,Ixtlahuacan Del Rio,MX,2021-11-11 19:25:40,20.8667,-103.25,76.06,31,0,0.18
455,Tyret Pervaya,RU,2021-11-11 19:25:41,53.6703,102.3106,25.18,80,100,2.19
456,Scottsbluff,US,2021-11-11 19:25:04,41.8666,-103.6672,46.83,33,1,15.99
457,Brookhaven,US,2021-11-11 19:25:41,31.5791,-90.4407,72.55,76,97,7.94
458,Dodola,ET,2021-11-11 19:25:42,6.9833,39.1833,57.34,66,100,2.53
459,Trinidad,BO,2021-11-11 19:25:42,-14.8333,-64.9,87.78,62,75,12.66
460,Knyaze-Volkonskoye,RU,2021-11-11 19:25:43,48.4642,135.4567,26.94,98,100,5.91
461,Grinties,RO,2021-11-11 19:25:43,47.05,25.8667,32.2,49,19,5.1
462,Tual,ID,2021-11-11 19:25:43,-5.6667,132.75,84.45,71,100,4.92
463,Egvekinot,RU,2021-11-11 19:25:44,66.3167,-179.1667,-0.69,88,31,7.43
464,Port Keats,AU,2021-11-11 19:25:44,-14.25,129.55,83.07,76,100,7.49
465,Belmonte,BR,2021-11-11 19:25:45,-15.8631,-38.8828,81.1,69,3,9.64
466,Kaeo,NZ,2021-11-11 19:26:45,-35.1,173.7833,63.32,96,100,4.07
467,Malatya,TR,2021-11-11 19:26:45,38.5,38.0,26.65,74,0,3.44
468,Camacupa,AO,2021-11-11 19:26:46,-12.0167,17.4833,68.16,72,96,1.7
469,Neyshabur,IR,2021-11-11 19:26:46,36.2133,58.7958,46.0,32,26,4.56
470,Aban,RU,2021-11-11 19:26:46,56.67,96.06,32.13,98,100,9.89
471,Matara,LK,2021-11-11 19:26:33,5.9485,80.5353,77.79,89,70,12.1
472,Charters Towers,AU,2021-11-11 19:26:47,-20.1,146.2667,75.97,77,100,10.51
473,Sungaipenuh,ID,2021-11-11 19:26:47,-2.0833,101.3833,64.31,93,100,2.15
474,Suffolk,US,2021-11-11 19:26:48,40.8668,-72.7996,59.92,69,20,11.01
475,Honiara,SB,2021-11-11 19:26:48,-9.4333,159.95,78.57,86,86,5.41
476,Verkhnevilyuysk,RU,2021-11-11 19:26:49,63.4453,120.3167,14.36,94,100,8.08
477,Pisco,PE,2021-11-11 19:26:49,-13.7,-76.2167,68.05,73,0,9.22
478,Golpayegan,IR,2021-11-11 19:26:50,33.4537,50.2884,44.67,67,100,4.05
479,Katsuura,JP,2021-11-11 19:26:50,35.1333,140.3,63.19,55,9,20.24
480,Margate,GB,2021-11-11 19:26:51,51.3813,1.3862,55.11,88,32,1.99
481,Dzerzhinsk,RU,2021-11-11 19:26:51,56.2389,43.4631,33.62,100,90,8.95
482,Beihai,CN,2021-11-11 19:26:51,21.4833,109.1,67.93,66,60,7.81
483,Ust-Uda,RU,2021-11-11 19:26:52,54.1742,103.0304,26.11,90,100,2.62
484,Puerto Escondido,MX,2021-11-11 19:26:52,15.85,-97.0667,84.42,56,6,6.55
485,Conceicao Do Araguaia,BR,2021-11-11 19:26:52,-8.2578,-49.2647,88.39,58,73,4.12
486,Mizdah,LY,2021-11-11 19:26:53,31.4451,12.9801,59.09,40,0,8.25
487,Codajas,BR,2021-11-11 19:26:53,-3.8367,-62.0569,81.43,76,84,2.57
488,Sao Joao Da Ponte,BR,2021-11-11 19:26:54,-15.9292,-44.0078,72.43,82,100,1.83
489,Roma,US,2021-11-11 19:26:03,43.2128,-75.4557,58.12,53,1,10.36
490,Viedma,AR,2021-11-11 19:26:54,-40.8135,-62.9967,79.57,40,100,15.08
491,Sakakah,SA,2021-11-11 19:26:54,29.9697,40.2064,58.57,20,17,8.1
492,Yabrud,SY,2021-11-11 19:26:55,33.9674,36.6574,44.26,50,0,4.56
493,Vermilion,US,2021-11-11 19:26:55,40.1667,-87.7506,53.56,80,90,5.99
494,Portobelo,PA,2021-11-11 19:23:09,9.55,-79.65,87.82,73,38,6.29
495,Kieta,PG,2021-11-11 19:26:56,-6.2167,155.6333,78.62,84,100,0.74
496,Bone,DE,2021-11-11 19:26:56,51.9669,12.1396,46.62,93,38,3.62
497,Warmbad,NA,2021-11-11 19:26:56,-28.45,18.7333,83.39,12,1,9.84
498,Plaster Rock,CA,2021-11-11 19:23:31,46.9065,-67.39,44.55,54,73,8.19
499,Caravelas,BR,2021-11-11 19:26:57,-17.7125,-39.2481,78.62,78,99,7.43
500,Shu,KZ,2021-11-11 19:26:57,43.5983,73.7614,42.04,52,0,6.73
501,Leshukonskoye,RU,2021-11-11 19:26:57,64.8989,45.7622,33.06,96,100,6.89
502,Esso,RU,2021-11-11 19:26:58,55.9333,158.7,28.27,98,100,7.14
503,Puruliya,IN,2021-11-11 19:26:58,23.3333,86.3667,69.12,64,94,2.06
504,Praia,CV,2021-11-11 19:26:59,14.9215,-23.5087,77.54,73,40,14.97
505,Treinta Y Tres,UY,2021-11-11 19:26:59,-33.2333,-54.3833,68.67,57,9,14.9
506,Maruoka,JP,2021-11-11 19:27:00,36.1534,136.2703,48.09,84,76,7.65
507,Sistranda,NO,2021-11-11 19:27:00,63.7256,8.834,46.9,76,70,29.53
508,Metro,ID,2021-11-11 19:27:00,-5.1131,105.3067,75.31,87,100,3.98
509,Daphne,US,2021-11-11 19:25:54,30.6035,-87.9036,75.09,83,40,6.91
510,Nioro,GM,2021-11-11 19:27:01,13.35,-15.75,82.26,50,100,6.85
511,Nieuw Nickerie,SR,2021-11-11 19:27:01,5.95,-56.9833,80.02,81,53,10.33
512,Vrangel,RU,2021-11-11 19:27:02,42.7297,133.0839,34.59,59,99,12.17
513,Constitucion,CL,2021-11-11 19:26:55,-35.3333,-72.4167,61.66,66,100,7.81
514,Jijiga,ET,2021-11-11 19:28:02,9.35,42.8,62.56,60,63,7.56
515,General Jose Eduvigis Diaz,PY,2021-11-11 19:24:15,-27.1667,-58.4167,89.02,30,0,10.31
516,Grand-Santi,GF,2021-11-11 19:28:03,4.25,-54.3833,83.05,71,100,2.08
517,Westport,US,2021-11-11 19:25:53,41.1415,-73.3579,60.1,67,1,1.99
518,Sanchor,IN,2021-11-11 19:28:03,24.7553,71.7722,74.97,22,4,5.03
519,Smithers,CA,2021-11-11 19:28:04,54.7804,-127.1743,32.32,93,90,3.44
520,Greeley,US,2021-11-11 19:25:08,40.4233,-104.7091,60.51,30,1,4.61
521,Baruun-Urt,MN,2021-11-11 19:28:04,46.6806,113.2792,24.87,52,4,8.66
522,Mingshui,CN,2021-11-11 19:28:05,36.7167,117.5,40.98,66,0,4.65
523,Pangkalanbuun,ID,2021-11-11 19:28:05,-2.6833,111.6167,74.01,99,100,4.09
524,Hailar,CN,2021-11-11 19:28:05,49.2,119.7,22.57,67,0,11.45
525,Vardo,NO,2021-11-11 19:28:06,70.3705,31.1107,35.58,75,75,23.02
526,Tahoua,NE,2021-11-11 19:28:06,14.8888,5.2692,86.83,12,7,8.32
527,Moree,AU,2021-11-11 19:28:07,-29.4667,149.85,71.62,78,40,13.8
528,Beringovskiy,RU,2021-11-11 19:28:07,63.05,179.3167,11.79,99,89,5.21
529,Saint-Pierre,RE,2021-11-11 19:28:07,-21.3393,55.4781,74.88,66,0,5.75
530,Moose Factory,CA,2021-11-11 19:28:08,51.2585,-80.6094,33.8,69,1,9.22
531,Boddam,GB,2021-11-11 19:28:08,57.4667,-1.7833,49.08,87,92,21.68
532,Mosquera,CO,2021-11-11 19:28:09,4.7059,-74.2302,68.09,60,40,16.11
533,Vitry-Le-Francois,FR,2021-11-11 19:28:09,48.7333,4.5833,37.53,74,11,2.98
534,Burns Lake,CA,2021-11-11 19:28:10,54.2331,-125.7533,29.62,69,100,4.52
535,Agucadoura,PT,2021-11-11 19:28:10,41.4318,-8.7804,57.31,78,3,8.01
536,Katherine,AU,2021-11-11 19:28:10,-14.4667,132.2667,82.72,74,90,8.05
537,Kailua,US,2021-11-11 19:28:11,21.4022,-157.7394,81.14,65,20,6.91
538,Neuquen,AR,2021-11-11 19:24:17,-38.9516,-68.0591,84.09,42,40,9.22
539,Luis Correia,BR,2021-11-11 19:28:11,-2.8792,-41.6669,87.8,70,0,12.66
540,Smidovich,RU,2021-11-11 19:28:11,48.6,133.8167,27.45,97,100,6.22
541,Puqi,CN,2021-11-11 19:28:12,29.7167,113.8833,51.28,65,16,3.96
542,Manokwari,ID,2021-11-11 19:28:12,-0.8667,134.0833,78.24,75,99,3.29
543,Souris,CA,2021-11-11 19:28:12,49.6172,-100.2612,31.86,93,100,19.84
544,Shache,CN,2021-11-11 19:28:13,38.4167,77.2406,34.54,41,0,4.05
545,Tangshan,CN,2021-11-11 19:28:13,39.6333,118.1833,36.27,57,5,7.0
546,Bhatkal,IN,2021-11-11 19:28:14,13.9667,74.5667,77.34,68,100,5.3
547,Alofi,NU,2021-11-11 19:28:14,-19.0595,-169.9187,78.69,78,100,6.91
548,Port Blair,IN,2021-11-11 19:28:14,11.6667,92.75,81.32,80,24,9.66
549,Batemans Bay,AU,2021-11-11 19:28:15,-35.7167,150.1833,58.1,96,100,2.44
550,Nemuro,JP,2021-11-11 19:26:21,43.3236,145.575,51.26,84,100,14.03
551,Roald,NO,2021-11-11 19:26:40,62.5833,6.1333,45.91,87,40,14.97
552,Solnechnyy,RU,2021-11-11 19:28:15,50.7214,136.6319,22.08,95,100,2.55
553,Tiarei,PF,2021-11-11 19:28:16,-17.5333,-149.3333,80.62,72,46,13.33
554,Umm Lajj,SA,2021-11-11 19:28:16,25.0213,37.2685,78.31,56,100,1.88
555,Moindou,NC,2021-11-11 19:28:16,-21.6924,165.677,71.55,81,90,5.01
556,San Ramon,US,2021-11-11 19:28:17,37.7799,-121.978,69.39,60,1,1.01
557,Naifaru,MV,2021-11-11 19:28:17,5.4444,73.3657,82.15,77,4,20.56
558,Pangai,TO,2021-11-11 19:29:18,-19.8,-174.35,77.11,88,75,4.61
